<?xml version="1.0" encoding="UTF-8"?>
<Configuration status="INFO">
    <Appenders>
        <Console name="Console" target="SYSTEM_OUT">
            <PatternLayout pattern="%d{HH:mm:ss.SSS} [%t] %-5level %logger{36} - %msg%n"/>
        </Console>
    </Appenders>
    <Loggers>
        <Logger name="org.apache.kafka" level="warn" additivity="false">
            <AppenderRef ref="Console"/>
        </Logger>

        <Logger name="com.gozen.context.ShutDownThread" level="info" additivity="false">
            <AppenderRef ref="Console"/>
        </Logger>

        <Logger name="com.gozen.context.Context" level="info" additivity="false">
            <AppenderRef ref="Console"/>
        </Logger>

        <Logger name="com.gozen.ApplicationContext" level="info" additivity="false">
            <AppenderRef ref="Console"/>
        </Logger>

        <Logger name="com.gozen.kafka.consumer.business.BusinessConsumer" level="debug" additivity="false">
            <AppenderRef ref="Console"/>
        </Logger>

        <Logger name="com.gozen.kafka.consumer.business.strategy.impl.InactivityStrategy" level="debug" additivity="false">
            <AppenderRef ref="Console"/>
        </Logger>

        <Logger name="com.gozen.kafka.consumer.business.strategy.realtime.UncheckedRealtimeStrategy" level="debug" additivity="false">
            <AppenderRef ref="Console"/>
        </Logger>

        <Logger name="com.gozen.kafka.consumer.business.strategy.batch.UncheckedBatchStrategy" level="debug" additivity="false">
            <AppenderRef ref="Console"/>
        </Logger>

        <Logger name="com.gozen.kafka.consumer.business.strategy.realtime.CheckedRealtimeStrategy" level="debug" additivity="false">
            <AppenderRef ref="Console"/>
        </Logger>

        <Logger name="com.gozen.kafka.consumer.business.strategy.batch.CheckedBatchStrategy" level="debug" additivity="false">
            <AppenderRef ref="Console"/>
        </Logger>

        <Logger name="com.gozen.kafka.consumer.check.DataCheckConsumer" level="debug" additivity="false">
            <AppenderRef ref="Console"/>
        </Logger>

        <Logger name="com.gozen.kafka.consumer.check.DataCheckConsumer" level="debug" additivity="false">
            <AppenderRef ref="Console"/>
        </Logger>

        <Logger name="com.gozen.kafka.consumer.check.strategy.impl.DataCheckRealtimeStrategy" level="debug" additivity="false">
            <AppenderRef ref="Console"/>
        </Logger>

        <Logger name="com.gozen.kafka.consumer.check.strategy.impl.DataCheckBatchStrategy" level="debug" additivity="false">
            <AppenderRef ref="Console"/>
        </Logger>

        <Logger name="com.gozen.ssh.client.SftpClient" level="debug" additivity="false">
            <AppenderRef ref="Console"/>
        </Logger>

        <Logger name="com.gozen.ssh.client.ExecClient" level="debug" additivity="false">
            <AppenderRef ref="Console"/>
        </Logger>

        <Logger name="com.gozen.ssh.SshSession" level="debug" additivity="false">
            <AppenderRef ref="Console"/>
        </Logger>

        <Logger name="com.gozen.ssh.channel.SftpChannel" level="debug" additivity="false">
            <AppenderRef ref="Console"/>
        </Logger>

        <Logger name="com.gozen.ssh.channel.ExecChannel" level="debug" additivity="false">
            <AppenderRef ref="Console"/>
        </Logger>

    </Loggers>
</Configuration>
